db	n_gtdb	n_metavr	mode	screen_c	effective_screen_c	min_sparse_kmers	genomes	densified	band_keys	band_owners	dense_bytes	index_bytes	footer_bytes	wall_s	max_rss_mb	cpu_s	db_bytes
g0_v1000	0	1000	band	3000	3000	50	916	912	33798	33965	1325969	451587	154792	0.08	3.0	0.0	1932369
g0_v1000	0	1000	loosen	3000	100	50	916	912	0	0	1325969	489775	154792	0.08	3.0	0.0	1970557
g0_v1000	0	1000	none	3000	3000	50	916	0	0	0	1325969	67664	154792	0.07	3.0	0.0	1548446
g0_v10000	0	10000	band	3000	3000	50	9893	9885	340291	342252	6708808	4112867	1681798	0.31	3.0	0.0	12503494
g0_v10000	0	10000	loosen	3000	100	50	9893	9885	0	0	6708808	4606735	1681798	0.33	3.0	0.0	12997362
g0_v10000	0	10000	none	3000	3000	50	9893	0	0	0	6708808	357846	1681798	0.27	3.0	0.0	8748473
g0_v100000	0	100000	band	3000	3000	50	99743	99718	3817127	3837526	55334429	43367908	17056027	2.37	283.71	2.22	115758385
g0_v100000	0	100000	loosen	3000	100	50	99743	99718	0	0	55334429	50657586	17056027	3.23	390.77	3.21	123048063
g0_v100000	0	100000	none	3000	3000	50	99743	0	0	0	55334429	3000176	17056027	2.15	174.07	1.66	75390653
g2000_v0	2000	0	band	3000	3000	50	2000	0	0	0	358746546	20460131	605565	12.93	913.25	12.77	379812263
g2000_v0	2000	0	loosen	3000	3000	50	2000	0	0	0	358746546	20460131	605565	13.03	915.46	12.76	379812263
g2000_v0	2000	0	none	3000	3000	50	2000	0	0	0	358746546	20460131	605565	13.2	914.82	12.82	379812263
g2000_v1000	2000	1000	band	3000	3000	50	2916	912	33798	33965	360072515	20911266	760325	13.39	917.12	12.74	381744127
g2000_v1000	2000	1000	loosen	3000	100	50	2916	912	0	0	360072515	20948955	760325	13.45	942.67	13.43	381781816
g2000_v1000	2000	1000	none	3000	3000	50	2916	0	0	0	360072515	20527215	760325	12.98	918.02	12.75	381360076
g2000_v10000	2000	10000	band	3000	3000	50	11893	9885	340291	342252	365455354	24571783	2287331	13.53	941.46	13.48	392314489
g2000_v10000	2000	10000	loosen	3000	100	50	11893	9885	0	0	365455354	25065947	2287331	13.69	947.88	13.45	392808653
g2000_v10000	2000	10000	none	3000	3000	50	11893	0	0	0	365455354	20816635	2287331	13.19	933.78	12.84	388559341
g2000_v100000	2000	100000	band	3000	3000	50	101743	99718	3817127	3837526	414080975	63828688	17661560	15.36	1218.55	15.25	495571244
g2000_v100000	2000	100000	loosen	3000	100	50	101743	99718	0	0	414080975	71116343	17661560	16.32	1332.13	16.66	502858899
g2000_v100000	2000	100000	none	3000	3000	50	101743	0	0	0	414080975	23458828	17661560	15.34	1126.4	15.1	455201384
