db	arm	kind	coverage	n_truth	n_found	recall
g0_v1000	band	viral	0.2	20	3	0.15
g0_v1000	band	viral	0.5	20	14	0.7
g0_v1000	band	viral	1.0	20	18	0.9
g0_v1000	band	viral	2.0	20	19	0.95
g0_v1000	band	viral	5.0	20	20	1.0
g0_v1000	band	bacterial	0.5	10	0	0.0
g0_v1000	loosen	viral	0.2	20	3	0.15
g0_v1000	loosen	viral	0.5	20	14	0.7
g0_v1000	loosen	viral	1.0	20	18	0.9
g0_v1000	loosen	viral	2.0	20	19	0.95
g0_v1000	loosen	viral	5.0	20	20	1.0
g0_v1000	loosen	bacterial	0.5	10	0	0.0
g0_v1000	nofloor	viral	0.2	20	1	0.05
g0_v1000	nofloor	viral	0.5	20	8	0.4
g0_v1000	nofloor	viral	1.0	20	12	0.6
g0_v1000	nofloor	viral	2.0	20	12	0.6
g0_v1000	nofloor	viral	5.0	20	12	0.6
g0_v1000	nofloor	bacterial	0.5	10	0	0.0
g0_v1000	reader	viral	0.2	20	3	0.15
g0_v1000	reader	viral	0.5	20	14	0.7
g0_v1000	reader	viral	1.0	20	18	0.9
g0_v1000	reader	viral	2.0	20	19	0.95
g0_v1000	reader	viral	5.0	20	20	1.0
g0_v1000	reader	bacterial	0.5	10	0	0.0
g0_v1000	single	viral	0.2	20	3	0.15
g0_v1000	single	viral	0.5	20	14	0.7
g0_v1000	single	viral	1.0	20	18	0.9
g0_v1000	single	viral	2.0	20	19	0.95
g0_v1000	single	viral	5.0	20	20	1.0
g0_v1000	single	bacterial	0.5	10	0	0.0
g0_v10000	band	viral	0.2	20	3	0.15
g0_v10000	band	viral	0.5	20	14	0.7
g0_v10000	band	viral	1.0	20	18	0.9
g0_v10000	band	viral	2.0	20	19	0.95
g0_v10000	band	viral	5.0	20	20	1.0
g0_v10000	band	bacterial	0.5	10	0	0.0
g0_v10000	loosen	viral	0.2	20	3	0.15
g0_v10000	loosen	viral	0.5	20	14	0.7
g0_v10000	loosen	viral	1.0	20	18	0.9
g0_v10000	loosen	viral	2.0	20	19	0.95
g0_v10000	loosen	viral	5.0	20	20	1.0
g0_v10000	loosen	bacterial	0.5	10	0	0.0
g0_v10000	nofloor	viral	0.2	20	1	0.05
g0_v10000	nofloor	viral	0.5	20	8	0.4
g0_v10000	nofloor	viral	1.0	20	12	0.6
g0_v10000	nofloor	viral	2.0	20	12	0.6
g0_v10000	nofloor	viral	5.0	20	12	0.6
g0_v10000	nofloor	bacterial	0.5	10	0	0.0
g0_v10000	reader	viral	0.2	20	3	0.15
g0_v10000	reader	viral	0.5	20	14	0.7
g0_v10000	reader	viral	1.0	20	18	0.9
g0_v10000	reader	viral	2.0	20	19	0.95
g0_v10000	reader	viral	5.0	20	20	1.0
g0_v10000	reader	bacterial	0.5	10	0	0.0
g0_v10000	single	viral	0.2	20	3	0.15
g0_v10000	single	viral	0.5	20	14	0.7
g0_v10000	single	viral	1.0	20	18	0.9
g0_v10000	single	viral	2.0	20	19	0.95
g0_v10000	single	viral	5.0	20	20	1.0
g0_v10000	single	bacterial	0.5	10	0	0.0
g0_v100000	band	viral	0.2	20	3	0.15
g0_v100000	band	viral	0.5	20	14	0.7
g0_v100000	band	viral	1.0	20	18	0.9
g0_v100000	band	viral	2.0	20	19	0.95
g0_v100000	band	viral	5.0	20	20	1.0
g0_v100000	band	bacterial	0.5	10	0	0.0
g0_v100000	loosen	viral	0.2	20	3	0.15
g0_v100000	loosen	viral	0.5	20	14	0.7
g0_v100000	loosen	viral	1.0	20	18	0.9
g0_v100000	loosen	viral	2.0	20	19	0.95
g0_v100000	loosen	viral	5.0	20	20	1.0
g0_v100000	loosen	bacterial	0.5	10	0	0.0
g0_v100000	nofloor	viral	0.2	20	1	0.05
g0_v100000	nofloor	viral	0.5	20	8	0.4
g0_v100000	nofloor	viral	1.0	20	12	0.6
g0_v100000	nofloor	viral	2.0	20	12	0.6
g0_v100000	nofloor	viral	5.0	20	12	0.6
g0_v100000	nofloor	bacterial	0.5	10	0	0.0
g0_v100000	reader	viral	0.2	20	3	0.15
g0_v100000	reader	viral	0.5	20	14	0.7
g0_v100000	reader	viral	1.0	20	18	0.9
g0_v100000	reader	viral	2.0	20	19	0.95
g0_v100000	reader	viral	5.0	20	20	1.0
g0_v100000	reader	bacterial	0.5	10	0	0.0
g0_v100000	single	viral	0.2	20	3	0.15
g0_v100000	single	viral	0.5	20	14	0.7
g0_v100000	single	viral	1.0	20	18	0.9
g0_v100000	single	viral	2.0	20	19	0.95
g0_v100000	single	viral	5.0	20	20	1.0
g0_v100000	single	bacterial	0.5	10	0	0.0
g2000_v0	band	viral	0.2	20	0	0.0
g2000_v0	band	viral	0.5	20	0	0.0
g2000_v0	band	viral	1.0	20	0	0.0
g2000_v0	band	viral	2.0	20	0	0.0
g2000_v0	band	viral	5.0	20	0	0.0
g2000_v0	band	bacterial	0.5	10	10	1.0
g2000_v0	loosen	viral	0.2	20	0	0.0
g2000_v0	loosen	viral	0.5	20	0	0.0
g2000_v0	loosen	viral	1.0	20	0	0.0
g2000_v0	loosen	viral	2.0	20	0	0.0
g2000_v0	loosen	viral	5.0	20	0	0.0
g2000_v0	loosen	bacterial	0.5	10	10	1.0
g2000_v0	nofloor	viral	0.2	20	0	0.0
g2000_v0	nofloor	viral	0.5	20	0	0.0
g2000_v0	nofloor	viral	1.0	20	0	0.0
g2000_v0	nofloor	viral	2.0	20	0	0.0
g2000_v0	nofloor	viral	5.0	20	0	0.0
g2000_v0	nofloor	bacterial	0.5	10	10	1.0
g2000_v0	reader	viral	0.2	20	0	0.0
g2000_v0	reader	viral	0.5	20	0	0.0
g2000_v0	reader	viral	1.0	20	0	0.0
g2000_v0	reader	viral	2.0	20	0	0.0
g2000_v0	reader	viral	5.0	20	0	0.0
g2000_v0	reader	bacterial	0.5	10	10	1.0
g2000_v0	single	viral	0.2	20	0	0.0
g2000_v0	single	viral	0.5	20	0	0.0
g2000_v0	single	viral	1.0	20	0	0.0
g2000_v0	single	viral	2.0	20	0	0.0
g2000_v0	single	viral	5.0	20	0	0.0
g2000_v0	single	bacterial	0.5	10	10	1.0
g2000_v1000	band	viral	0.2	20	3	0.15
g2000_v1000	band	viral	0.5	20	14	0.7
g2000_v1000	band	viral	1.0	20	18	0.9
g2000_v1000	band	viral	2.0	20	19	0.95
g2000_v1000	band	viral	5.0	20	20	1.0
g2000_v1000	band	bacterial	0.5	10	10	1.0
g2000_v1000	loosen	viral	0.2	20	3	0.15
g2000_v1000	loosen	viral	0.5	20	14	0.7
g2000_v1000	loosen	viral	1.0	20	18	0.9
g2000_v1000	loosen	viral	2.0	20	19	0.95
g2000_v1000	loosen	viral	5.0	20	20	1.0
g2000_v1000	loosen	bacterial	0.5	10	10	1.0
g2000_v1000	nofloor	viral	0.2	20	1	0.05
g2000_v1000	nofloor	viral	0.5	20	8	0.4
g2000_v1000	nofloor	viral	1.0	20	12	0.6
g2000_v1000	nofloor	viral	2.0	20	12	0.6
g2000_v1000	nofloor	viral	5.0	20	12	0.6
g2000_v1000	nofloor	bacterial	0.5	10	10	1.0
g2000_v1000	reader	viral	0.2	20	3	0.15
g2000_v1000	reader	viral	0.5	20	14	0.7
g2000_v1000	reader	viral	1.0	20	18	0.9
g2000_v1000	reader	viral	2.0	20	19	0.95
g2000_v1000	reader	viral	5.0	20	20	1.0
g2000_v1000	reader	bacterial	0.5	10	10	1.0
g2000_v1000	single	viral	0.2	20	3	0.15
g2000_v1000	single	viral	0.5	20	14	0.7
g2000_v1000	single	viral	1.0	20	18	0.9
g2000_v1000	single	viral	2.0	20	19	0.95
g2000_v1000	single	viral	5.0	20	20	1.0
g2000_v1000	single	bacterial	0.5	10	10	1.0
g2000_v10000	band	viral	0.2	20	3	0.15
g2000_v10000	band	viral	0.5	20	14	0.7
g2000_v10000	band	viral	1.0	20	18	0.9
g2000_v10000	band	viral	2.0	20	19	0.95
g2000_v10000	band	viral	5.0	20	20	1.0
g2000_v10000	band	bacterial	0.5	10	10	1.0
g2000_v10000	loosen	viral	0.2	20	3	0.15
g2000_v10000	loosen	viral	0.5	20	14	0.7
g2000_v10000	loosen	viral	1.0	20	18	0.9
g2000_v10000	loosen	viral	2.0	20	19	0.95
g2000_v10000	loosen	viral	5.0	20	20	1.0
g2000_v10000	loosen	bacterial	0.5	10	10	1.0
g2000_v10000	nofloor	viral	0.2	20	1	0.05
g2000_v10000	nofloor	viral	0.5	20	8	0.4
g2000_v10000	nofloor	viral	1.0	20	12	0.6
g2000_v10000	nofloor	viral	2.0	20	12	0.6
g2000_v10000	nofloor	viral	5.0	20	12	0.6
g2000_v10000	nofloor	bacterial	0.5	10	10	1.0
g2000_v10000	reader	viral	0.2	20	3	0.15
g2000_v10000	reader	viral	0.5	20	14	0.7
g2000_v10000	reader	viral	1.0	20	18	0.9
g2000_v10000	reader	viral	2.0	20	19	0.95
g2000_v10000	reader	viral	5.0	20	20	1.0
g2000_v10000	reader	bacterial	0.5	10	10	1.0
g2000_v10000	single	viral	0.2	20	3	0.15
g2000_v10000	single	viral	0.5	20	14	0.7
g2000_v10000	single	viral	1.0	20	18	0.9
g2000_v10000	single	viral	2.0	20	19	0.95
g2000_v10000	single	viral	5.0	20	20	1.0
g2000_v10000	single	bacterial	0.5	10	10	1.0
g2000_v100000	band	viral	0.2	20	3	0.15
g2000_v100000	band	viral	0.5	20	14	0.7
g2000_v100000	band	viral	1.0	20	18	0.9
g2000_v100000	band	viral	2.0	20	19	0.95
g2000_v100000	band	viral	5.0	20	20	1.0
g2000_v100000	band	bacterial	0.5	10	10	1.0
g2000_v100000	loosen	viral	0.2	20	3	0.15
g2000_v100000	loosen	viral	0.5	20	14	0.7
g2000_v100000	loosen	viral	1.0	20	18	0.9
g2000_v100000	loosen	viral	2.0	20	19	0.95
g2000_v100000	loosen	viral	5.0	20	20	1.0
g2000_v100000	loosen	bacterial	0.5	10	10	1.0
g2000_v100000	nofloor	viral	0.2	20	1	0.05
g2000_v100000	nofloor	viral	0.5	20	8	0.4
g2000_v100000	nofloor	viral	1.0	20	12	0.6
g2000_v100000	nofloor	viral	2.0	20	12	0.6
g2000_v100000	nofloor	viral	5.0	20	12	0.6
g2000_v100000	nofloor	bacterial	0.5	10	10	1.0
g2000_v100000	reader	viral	0.2	20	3	0.15
g2000_v100000	reader	viral	0.5	20	14	0.7
g2000_v100000	reader	viral	1.0	20	18	0.9
g2000_v100000	reader	viral	2.0	20	19	0.95
g2000_v100000	reader	viral	5.0	20	20	1.0
g2000_v100000	reader	bacterial	0.5	10	10	1.0
g2000_v100000	single	viral	0.2	20	3	0.15
g2000_v100000	single	viral	0.5	20	14	0.7
g2000_v100000	single	viral	1.0	20	18	0.9
g2000_v100000	single	viral	2.0	20	19	0.95
g2000_v100000	single	viral	5.0	20	20	1.0
g2000_v100000	single	bacterial	0.5	10	10	1.0
