db	mode	file_size_bytes	c	k	screen_c	effective_screen_c	band_keys	band_genomes	num_genomes	genomes	zero	under_10	under_50	min	p50	p90	max	total
g0_v1000	band	1932369	100	31	3000	100	33798	912	916	916	0	42	234	7	50	50	80	39108
g0_v1000	loosen	1970557	100	31	100	100	0	0	916	916	0	42	234	7	50	50	80	39108
g0_v1000	none	1548446	100	31	3000	3000	0	0	916	916	140	755	912	0	4	12	80	5143
g0_v10000	band	12503494	100	31	3000	100	340291	9885	9893	9893	0	67	5841	7	41	50	126	367953
g0_v10000	loosen	12997362	100	31	100	100	0	0	9893	9893	0	67	5841	7	41	50	126	367953
g0_v10000	none	8748473	100	31	3000	3000	0	0	9893	9893	2629	9418	9885	0	1	6	126	25701
g0_v100000	band	115758385	100	31	3000	100	3817127	99718	99743	99743	0	520	60296	7	43	50	126	4047217
g0_v100000	loosen	123048063	100	31	100	100	0	0	99743	99743	0	520	60296	7	43	50	126	4047217
g0_v100000	none	75390653	100	31	3000	3000	0	0	99743	99743	23264	97509	99718	0	1	4	126	209691
g2000_v0	band	379812263	100	31	3000	3000	0	0	2000	2000	0	0	0	52	734	1442	3389	1653323
g2000_v0	loosen	379812263	100	31	3000	3000	0	0	2000	2000	0	0	0	52	734	1442	3389	1653323
g2000_v0	none	379812263	100	31	3000	3000	0	0	2000	2000	0	0	0	52	734	1442	3389	1653323
g2000_v1000	band	381744127	100	31	3000	100	33798	912	2916	2916	0	42	234	7	524	1264	3389	1692431
g2000_v1000	loosen	381781816	100	31	100	100	0	0	2916	2916	0	42	234	7	524	1264	3389	1692431
g2000_v1000	none	381360076	100	31	3000	3000	0	0	2916	2916	140	755	912	0	524	1264	3389	1658466
g2000_v10000	band	392314489	100	31	3000	100	340291	9885	11893	11893	0	67	5841	7	50	645	3389	2021276
g2000_v10000	loosen	392808653	100	31	100	100	0	0	11893	11893	0	67	5841	7	50	645	3389	2021276
g2000_v10000	none	388559341	100	31	3000	3000	0	0	11893	11893	2629	9418	9885	0	2	645	3389	1679024
g2000_v100000	band	495571244	100	31	3000	100	3817127	99718	101743	101743	0	520	60296	7	44	50	3389	5700540
g2000_v100000	loosen	502858899	100	31	100	100	0	0	101743	101743	0	520	60296	7	44	50	3389	5700540
g2000_v100000	none	455201384	100	31	3000	3000	0	0	101743	101743	23264	97509	99718	0	1	5	3389	1863014
