db	sample	arm	vs	rep	n_detected	differing_genomes	replicate_noise_floor
g0_v1000	human	band	loosen	1	10	0	0
g0_v1000	human	band	loosen	2	10	0	0
g0_v1000	human	band	loosen	3	10	0	0
g0_v1000	human	reader	loosen	1	10	0	0
g0_v1000	human	reader	loosen	2	10	0	0
g0_v1000	human	reader	loosen	3	10	0	0
g0_v1000	marine	band	loosen	1	0	0	0
g0_v1000	marine	band	loosen	2	0	0	0
g0_v1000	marine	band	loosen	3	0	0	0
g0_v1000	marine	reader	loosen	1	0	0	0
g0_v1000	marine	reader	loosen	2	0	0	0
g0_v1000	marine	reader	loosen	3	0	0	0
g0_v1000	simulated	band	loosen	1	74	0	0
g0_v1000	simulated	band	loosen	2	74	0	0
g0_v1000	simulated	band	loosen	3	74	0	0
g0_v1000	simulated	reader	loosen	1	74	0	0
g0_v1000	simulated	reader	loosen	2	74	0	0
g0_v1000	simulated	reader	loosen	3	74	0	0
g0_v10000	human	band	loosen	1	36	0	0
g0_v10000	human	band	loosen	2	36	0	0
g0_v10000	human	band	loosen	3	36	0	0
g0_v10000	human	reader	loosen	1	36	0	0
g0_v10000	human	reader	loosen	2	36	0	0
g0_v10000	human	reader	loosen	3	36	0	0
g0_v10000	marine	band	loosen	1	8	0	0
g0_v10000	marine	band	loosen	2	8	0	0
g0_v10000	marine	band	loosen	3	8	0	0
g0_v10000	marine	reader	loosen	1	8	0	0
g0_v10000	marine	reader	loosen	2	8	0	0
g0_v10000	marine	reader	loosen	3	8	0	0
g0_v10000	simulated	band	loosen	1	74	0	0
g0_v10000	simulated	band	loosen	2	74	0	0
g0_v10000	simulated	band	loosen	3	74	0	0
g0_v10000	simulated	reader	loosen	1	74	0	0
g0_v10000	simulated	reader	loosen	2	74	0	0
g0_v10000	simulated	reader	loosen	3	74	0	0
g0_v100000	human	band	loosen	1	99	0	0
g0_v100000	human	band	loosen	2	99	0	0
g0_v100000	human	band	loosen	3	99	0	0
g0_v100000	human	reader	loosen	1	99	0	0
g0_v100000	human	reader	loosen	2	99	0	0
g0_v100000	human	reader	loosen	3	99	0	0
g0_v100000	marine	band	loosen	1	53	0	0
g0_v100000	marine	band	loosen	2	53	0	0
g0_v100000	marine	band	loosen	3	53	0	0
g0_v100000	marine	reader	loosen	1	53	0	0
g0_v100000	marine	reader	loosen	2	53	0	0
g0_v100000	marine	reader	loosen	3	53	0	0
g0_v100000	simulated	band	loosen	1	74	0	0
g0_v100000	simulated	band	loosen	2	74	0	0
g0_v100000	simulated	band	loosen	3	74	0	0
g0_v100000	simulated	reader	loosen	1	74	0	0
g0_v100000	simulated	reader	loosen	2	74	0	0
g0_v100000	simulated	reader	loosen	3	74	0	0
g2000_v0	human	band	loosen	1	4	0	0
g2000_v0	human	band	loosen	2	4	0	0
g2000_v0	human	band	loosen	3	4	0	0
g2000_v0	human	reader	loosen	1	4	0	0
g2000_v0	human	reader	loosen	2	4	0	0
g2000_v0	human	reader	loosen	3	4	0	0
g2000_v0	marine	band	loosen	1	10	0	0
g2000_v0	marine	band	loosen	2	10	0	0
g2000_v0	marine	band	loosen	3	10	0	0
g2000_v0	marine	reader	loosen	1	10	0	0
g2000_v0	marine	reader	loosen	2	10	0	0
g2000_v0	marine	reader	loosen	3	10	0	0
g2000_v0	simulated	band	loosen	1	10	0	0
g2000_v0	simulated	band	loosen	2	10	0	0
g2000_v0	simulated	band	loosen	3	10	0	0
g2000_v0	simulated	reader	loosen	1	10	0	0
g2000_v0	simulated	reader	loosen	2	10	0	0
g2000_v0	simulated	reader	loosen	3	10	0	0
g2000_v1000	human	band	loosen	1	13	0	0
g2000_v1000	human	band	loosen	2	13	0	0
g2000_v1000	human	band	loosen	3	13	0	0
g2000_v1000	human	reader	loosen	1	13	0	0
g2000_v1000	human	reader	loosen	2	13	0	0
g2000_v1000	human	reader	loosen	3	13	0	0
g2000_v1000	marine	band	loosen	1	10	0	0
g2000_v1000	marine	band	loosen	2	10	0	0
g2000_v1000	marine	band	loosen	3	10	0	0
g2000_v1000	marine	reader	loosen	1	10	0	0
g2000_v1000	marine	reader	loosen	2	10	0	0
g2000_v1000	marine	reader	loosen	3	10	0	0
g2000_v1000	simulated	band	loosen	1	84	0	0
g2000_v1000	simulated	band	loosen	2	84	0	0
g2000_v1000	simulated	band	loosen	3	84	0	0
g2000_v1000	simulated	reader	loosen	1	84	0	0
g2000_v1000	simulated	reader	loosen	2	84	0	0
g2000_v1000	simulated	reader	loosen	3	84	0	0
g2000_v10000	human	band	loosen	1	39	0	0
g2000_v10000	human	band	loosen	2	39	0	0
g2000_v10000	human	band	loosen	3	39	0	0
g2000_v10000	human	reader	loosen	1	39	0	0
g2000_v10000	human	reader	loosen	2	39	0	0
g2000_v10000	human	reader	loosen	3	39	0	0
g2000_v10000	marine	band	loosen	1	18	0	0
g2000_v10000	marine	band	loosen	2	18	0	0
g2000_v10000	marine	band	loosen	3	18	0	0
g2000_v10000	marine	reader	loosen	1	18	0	0
g2000_v10000	marine	reader	loosen	2	18	0	0
g2000_v10000	marine	reader	loosen	3	18	0	0
g2000_v10000	simulated	band	loosen	1	84	0	0
g2000_v10000	simulated	band	loosen	2	84	0	0
g2000_v10000	simulated	band	loosen	3	84	0	0
g2000_v10000	simulated	reader	loosen	1	84	0	0
g2000_v10000	simulated	reader	loosen	2	84	0	0
g2000_v10000	simulated	reader	loosen	3	84	0	0
g2000_v100000	human	band	loosen	1	102	0	0
g2000_v100000	human	band	loosen	2	102	0	0
g2000_v100000	human	band	loosen	3	102	0	0
g2000_v100000	human	reader	loosen	1	102	0	0
g2000_v100000	human	reader	loosen	2	102	0	0
g2000_v100000	human	reader	loosen	3	102	0	0
g2000_v100000	marine	band	loosen	1	63	0	0
g2000_v100000	marine	band	loosen	2	63	0	0
g2000_v100000	marine	band	loosen	3	63	0	0
g2000_v100000	marine	reader	loosen	1	63	0	0
g2000_v100000	marine	reader	loosen	2	63	0	0
g2000_v100000	marine	reader	loosen	3	63	0	0
g2000_v100000	simulated	band	loosen	1	84	0	0
g2000_v100000	simulated	band	loosen	2	84	0	0
g2000_v100000	simulated	band	loosen	3	84	0	0
g2000_v100000	simulated	reader	loosen	1	84	0	0
g2000_v100000	simulated	reader	loosen	2	84	0	0
g2000_v100000	simulated	reader	loosen	3	84	0	0
