db	sample	arm	n_detected	n_reference	shared	missed_vs_reference	extra_vs_reference	recall_vs_reference	reference_arm
g143614_v12705282	human	band	3338	3342	3307	35	31	0.9895272292040694	loosen
g143614_v12705282	human	loosen	3342	3342	3342	0	0	1.0	loosen
g143614_v12705282	human	nofloor	2643	3342	2412	930	231	0.7217235188509874	loosen
g143614_v12705282	human	reader	3344	3342	3308	34	36	0.9898264512268103	loosen
g143614_v12705282	marine	band	2621	2620	2617	3	4	0.998854961832061	loosen
g143614_v12705282	marine	loosen	2620	2620	2620	0	0	1.0	loosen
g143614_v12705282	marine	nofloor	1851	2620	1722	898	129	0.6572519083969466	loosen
g143614_v12705282	marine	reader	2620	2620	2617	3	3	0.998854961832061	loosen
g143614_v12705282	simulated	band	85	85	85	0	0	1.0	loosen
g143614_v12705282	simulated	loosen	85	85	85	0	0	1.0	loosen
g143614_v12705282	simulated	nofloor	55	85	55	30	0	0.6470588235294118	loosen
g143614_v12705282	simulated	reader	85	85	85	0	0	1.0	loosen
