db	arm	sample	rep	n_gtdb	n_metavr	wall_s	max_rss_mb	cpu_s	open_genomes	open_screen_c	open_effective_screen_c	open_band_keys	open_band_owners	open_small_genomes	open_small_kmers	open_index_s	open_open_s	sample_kmers	screen_c	effective_screen_c	gather_s	stage1_s	survivors	stage2_s	dense_kept	genomes	sample_file	db_path	stage1_only_s
g143614_v12705282	band	human	1	143614	12705282	22.23	18782.09	16.6	12829208	3000	100	373801775	501045580	0	0	14.8318	14.8318	4713827	3000	100	0.6726	0.7682	93888	1.101	28500	12829208	/work/microbiome/msingle/sam/SRA/SRR9224014_1.fastq	/scratch/microbiome/woodcrob/non_sensitive/scratch/236_sylph_mixed_screen_c_full/db/g143614_v12705282.band.syl2db	0.09560000000000002
g143614_v12705282	band	human	2	143614	12705282	23.01	18780.34	16.89	12829208	3000	100	373801775	501045580	0	0	15.185	15.185	4713827	3000	100	0.734	0.9249	93888	0.9185	28500	12829208	/work/microbiome/msingle/sam/SRA/SRR9224014_1.fastq	/scratch/microbiome/woodcrob/non_sensitive/scratch/236_sylph_mixed_screen_c_full/db/g143614_v12705282.band.syl2db	0.19090000000000007
g143614_v12705282	band	human	3	143614	12705282	23.93	18780.09	16.85	12829208	3000	100	373801775	501045580	0	0	16.2634	16.2634	4713827	3000	100	0.6783	0.8029	93888	1.2041	28500	12829208	/work/microbiome/msingle/sam/SRA/SRR9224014_1.fastq	/scratch/microbiome/woodcrob/non_sensitive/scratch/236_sylph_mixed_screen_c_full/db/g143614_v12705282.band.syl2db	0.12459999999999993
g143614_v12705282	band	marine	1	143614	12705282	32.82	18782.25	16.76	12829208	3000	100	373801775	501045580	0	0	17.4828	17.4828	30720666	3000	100	2.9783	3.1482	158545	2.8911	7843	12829208	/mnt/hpccs01/datasets/deepocean/ngdc_2026060410/CRA025609/CRR1846935_r1.fq.gz	/scratch/microbiome/woodcrob/non_sensitive/scratch/236_sylph_mixed_screen_c_full/db/g143614_v12705282.band.syl2db	0.16990000000000016
g143614_v12705282	band	marine	2	143614	12705282	29.21	18780.09	16.88	12829208	3000	100	373801775	501045580	0	0	15.6697	15.6697	30720666	3000	100	2.3532	2.5625	158545	3.0026	7843	12829208	/mnt/hpccs01/datasets/deepocean/ngdc_2026060410/CRA025609/CRR1846935_r1.fq.gz	/scratch/microbiome/woodcrob/non_sensitive/scratch/236_sylph_mixed_screen_c_full/db/g143614_v12705282.band.syl2db	0.20929999999999982
g143614_v12705282	band	marine	3	143614	12705282	27.19	18781.69	16.99	12829208	3000	100	373801775	501045580	0	0	14.1991	14.1991	30720666	3000	100	2.4184	2.624	158545	2.3487	7843	12829208	/mnt/hpccs01/datasets/deepocean/ngdc_2026060410/CRA025609/CRR1846935_r1.fq.gz	/scratch/microbiome/woodcrob/non_sensitive/scratch/236_sylph_mixed_screen_c_full/db/g143614_v12705282.band.syl2db	0.2056
g143614_v12705282	band	simulated	1	143614	12705282	20.64	18782.09	17.03	12829208	3000	100	373801775	501045580	0	0	15.4495	15.4495	121401	3000	100	0.0158	0.024	6258	0.1305	159	12829208	/scratch/microbiome/woodcrob/non_sensitive/scratch/236_sylph_mixed_screen_c_full/sim/reads_1.fq	/scratch/microbiome/woodcrob/non_sensitive/scratch/236_sylph_mixed_screen_c_full/db/g143614_v12705282.band.syl2db	0.008199999999999999
g143614_v12705282	band	simulated	2	143614	12705282	22.41	18780.08	17.08	12829208	3000	100	373801775	501045580	0	0	17.0114	17.0114	121401	3000	100	0.0154	0.0241	6258	0.1362	159	12829208	/scratch/microbiome/woodcrob/non_sensitive/scratch/236_sylph_mixed_screen_c_full/sim/reads_1.fq	/scratch/microbiome/woodcrob/non_sensitive/scratch/236_sylph_mixed_screen_c_full/db/g143614_v12705282.band.syl2db	0.0087
g143614_v12705282	band	simulated	3	143614	12705282	17.83	18781.8	16.9	12829208	3000	100	373801775	501045580	0	0	13.2376	13.2376	121401	3000	100	0.0144	0.0213	6258	0.1373	159	12829208	/scratch/microbiome/woodcrob/non_sensitive/scratch/236_sylph_mixed_screen_c_full/sim/reads_1.fq	/scratch/microbiome/woodcrob/non_sensitive/scratch/236_sylph_mixed_screen_c_full/db/g143614_v12705282.band.syl2db	0.0069
g143614_v12705282	loosen	human	1	143614	12705282	14.94	17365.33	25.79	12829208	100	100	0	0	0	0	7.0784	7.0784	4713827	100	100	1.005	1.0944	93888	1.1548	28500	12829208	/work/microbiome/msingle/sam/SRA/SRR9224014_1.fastq	/scratch/microbiome/woodcrob/non_sensitive/scratch/236_sylph_mixed_screen_c_full/db/g143614_v12705282.loosen.syl2db	0.08940000000000015
g143614_v12705282	loosen	human	2	143614	12705282	16.63	17457.32	27.88	12829208	100	100	0	0	0	0	7.7371	7.7371	4713827	100	100	1.2319	1.3367	93888	1.1604	28500	12829208	/work/microbiome/msingle/sam/SRA/SRR9224014_1.fastq	/scratch/microbiome/woodcrob/non_sensitive/scratch/236_sylph_mixed_screen_c_full/db/g143614_v12705282.loosen.syl2db	0.1048
g143614_v12705282	loosen	human	3	143614	12705282	14.02	17107.35	36.34	12829208	100	100	0	0	0	0	5.442	5.442	4713827	100	100	1.0814	1.2191	93888	1.5846	28500	12829208	/work/microbiome/msingle/sam/SRA/SRR9224014_1.fastq	/scratch/microbiome/woodcrob/non_sensitive/scratch/236_sylph_mixed_screen_c_full/db/g143614_v12705282.loosen.syl2db	0.13770000000000016
g143614_v12705282	loosen	marine	1	143614	12705282	22.7	16405.84	25.78	12829208	100	100	0	0	0	0	5.0844	5.0844	30720666	100	100	6.5994	6.823	158545	2.1644	7843	12829208	/mnt/hpccs01/datasets/deepocean/ngdc_2026060410/CRA025609/CRR1846935_r1.fq.gz	/scratch/microbiome/woodcrob/non_sensitive/scratch/236_sylph_mixed_screen_c_full/db/g143614_v12705282.loosen.syl2db	0.22360000000000024
g143614_v12705282	loosen	marine	2	143614	12705282	26.48	17283.32	17.32	12829208	100	100	0	0	0	0	7.8536	7.8536	30720666	100	100	6.5079	6.7443	158545	3.2179	7843	12829208	/mnt/hpccs01/datasets/deepocean/ngdc_2026060410/CRA025609/CRR1846935_r1.fq.gz	/scratch/microbiome/woodcrob/non_sensitive/scratch/236_sylph_mixed_screen_c_full/db/g143614_v12705282.loosen.syl2db	0.23639999999999972
g143614_v12705282	loosen	marine	3	143614	12705282	22.57	16498.07	22.48	12829208	100	100	0	0	0	0	5.0487	5.0487	30720666	100	100	6.4828	6.6624	158545	2.6723	7843	12829208	/mnt/hpccs01/datasets/deepocean/ngdc_2026060410/CRA025609/CRR1846935_r1.fq.gz	/scratch/microbiome/woodcrob/non_sensitive/scratch/236_sylph_mixed_screen_c_full/db/g143614_v12705282.loosen.syl2db	0.17959999999999976
g143614_v12705282	loosen	simulated	1	143614	12705282	11.32	16865.32	10.89	12829208	100	100	0	0	0	0	6.6801	6.6801	121401	100	100	0.0273	0.0336	6258	0.131	159	12829208	/scratch/microbiome/woodcrob/non_sensitive/scratch/236_sylph_mixed_screen_c_full/sim/reads_1.fq	/scratch/microbiome/woodcrob/non_sensitive/scratch/236_sylph_mixed_screen_c_full/db/g143614_v12705282.loosen.syl2db	0.006299999999999997
g143614_v12705282	loosen	simulated	2	143614	12705282	12.55	17355.05	12.07	12829208	100	100	0	0	0	0	6.1263	6.1263	121401	100	100	0.0361	0.0505	6258	0.1347	159	12829208	/scratch/microbiome/woodcrob/non_sensitive/scratch/236_sylph_mixed_screen_c_full/sim/reads_1.fq	/scratch/microbiome/woodcrob/non_sensitive/scratch/236_sylph_mixed_screen_c_full/db/g143614_v12705282.loosen.syl2db	0.014400000000000003
g143614_v12705282	loosen	simulated	3	143614	12705282	11.87	17696.93	11.68	12829208	100	100	0	0	0	0	7.0336	7.0336	121401	100	100	0.0291	0.0395	6258	0.1374	159	12829208	/scratch/microbiome/woodcrob/non_sensitive/scratch/236_sylph_mixed_screen_c_full/sim/reads_1.fq	/scratch/microbiome/woodcrob/non_sensitive/scratch/236_sylph_mixed_screen_c_full/db/g143614_v12705282.loosen.syl2db	0.0104
g143614_v12705282	nofloor	human	1	143614	12705282	8.3	7009.86	17.18	12829208	3000	3000	0	0	0	0	2.5797	2.5797	4713827	3000	3000	0.0679	0.1022	31036	0.3385	17755	12829208	/work/microbiome/msingle/sam/SRA/SRR9224014_1.fastq	/scratch/microbiome/woodcrob/non_sensitive/scratch/236_sylph_mixed_screen_c_full/db/g143614_v12705282.none.syl2db	0.0343
g143614_v12705282	nofloor	human	2	143614	12705282	9.1	7286.09	18.6	12829208	3000	3000	0	0	0	0	3.0924	3.0924	4713827	3000	3000	0.0722	0.1158	31036	0.3955	17755	12829208	/work/microbiome/msingle/sam/SRA/SRR9224014_1.fastq	/scratch/microbiome/woodcrob/non_sensitive/scratch/236_sylph_mixed_screen_c_full/db/g143614_v12705282.none.syl2db	0.0436
g143614_v12705282	nofloor	human	3	143614	12705282	8.41	6968.12	17.44	12829208	3000	3000	0	0	0	0	2.6579	2.6579	4713827	3000	3000	0.0725	0.1047	31036	0.4014	17755	12829208	/work/microbiome/msingle/sam/SRA/SRR9224014_1.fastq	/scratch/microbiome/woodcrob/non_sensitive/scratch/236_sylph_mixed_screen_c_full/db/g143614_v12705282.none.syl2db	0.032200000000000006
g143614_v12705282	nofloor	marine	1	143614	12705282	13.62	7236.09	58.12	12829208	3000	3000	0	0	0	0	3.1269	3.1269	30720666	3000	3000	0.4123	0.4555	29800	1.7037	4735	12829208	/mnt/hpccs01/datasets/deepocean/ngdc_2026060410/CRA025609/CRR1846935_r1.fq.gz	/scratch/microbiome/woodcrob/non_sensitive/scratch/236_sylph_mixed_screen_c_full/db/g143614_v12705282.none.syl2db	0.043200000000000016
g143614_v12705282	nofloor	marine	2	143614	12705282	13.71	7586.01	57.9	12829208	3000	3000	0	0	0	0	3.5509	3.5509	30720666	3000	3000	0.3975	0.4297	29800	1.8349	4735	12829208	/mnt/hpccs01/datasets/deepocean/ngdc_2026060410/CRA025609/CRR1846935_r1.fq.gz	/scratch/microbiome/woodcrob/non_sensitive/scratch/236_sylph_mixed_screen_c_full/db/g143614_v12705282.none.syl2db	0.032200000000000006
g143614_v12705282	nofloor	marine	3	143614	12705282	15.07	7384.11	60.3	12829208	3000	3000	0	0	0	0	3.6058	3.6058	30720666	3000	3000	0.4398	0.4769	29800	1.9162	4735	12829208	/mnt/hpccs01/datasets/deepocean/ngdc_2026060410/CRA025609/CRR1846935_r1.fq.gz	/scratch/microbiome/woodcrob/non_sensitive/scratch/236_sylph_mixed_screen_c_full/db/g143614_v12705282.none.syl2db	0.037099999999999966
g143614_v12705282	nofloor	simulated	1	143614	12705282	9.99	7869.7	10.01	12829208	3000	3000	0	0	0	0	2.8984	2.8984	121401	3000	3000	0.0034	0.0056	423	0.0495	109	12829208	/scratch/microbiome/woodcrob/non_sensitive/scratch/236_sylph_mixed_screen_c_full/sim/reads_1.fq	/scratch/microbiome/woodcrob/non_sensitive/scratch/236_sylph_mixed_screen_c_full/db/g143614_v12705282.none.syl2db	0.0022
g143614_v12705282	nofloor	simulated	2	143614	12705282	8.31	7905.98	8.34	12829208	3000	3000	0	0	0	0	2.9181	2.9181	121401	3000	3000	0.0025	0.005	423	0.0497	109	12829208	/scratch/microbiome/woodcrob/non_sensitive/scratch/236_sylph_mixed_screen_c_full/sim/reads_1.fq	/scratch/microbiome/woodcrob/non_sensitive/scratch/236_sylph_mixed_screen_c_full/db/g143614_v12705282.none.syl2db	0.0025
g143614_v12705282	nofloor	simulated	3	143614	12705282	7.24	6877.03	7.12	12829208	3000	3000	0	0	0	0	2.6843	2.6843	121401	3000	3000	0.0024	0.006	423	0.0602	109	12829208	/scratch/microbiome/woodcrob/non_sensitive/scratch/236_sylph_mixed_screen_c_full/sim/reads_1.fq	/scratch/microbiome/woodcrob/non_sensitive/scratch/236_sylph_mixed_screen_c_full/db/g143614_v12705282.none.syl2db	0.0036000000000000003
g143614_v12705282	reader	human	1	143614	12705282	11.07	14273.31	30.83	12829208	3000	100	0	0	12678699	528702316	2.5613	4.0237	4713827	3000	100	0.308	0.3995	93888	1.1343	28500	12829208	/work/microbiome/msingle/sam/SRA/SRR9224014_1.fastq	/scratch/microbiome/woodcrob/non_sensitive/scratch/236_sylph_mixed_screen_c_full/db/g143614_v12705282.none.syl2db	0.09150000000000003
g143614_v12705282	reader	human	2	143614	12705282	14.91	14161.9	39.31	12829208	3000	100	0	0	12678699	528702316	3.5246	5.5725	4713827	3000	100	0.4727	0.6236	93888	1.2424	28500	12829208	/work/microbiome/msingle/sam/SRA/SRR9224014_1.fastq	/scratch/microbiome/woodcrob/non_sensitive/scratch/236_sylph_mixed_screen_c_full/db/g143614_v12705282.none.syl2db	0.15090000000000003
g143614_v12705282	reader	human	3	143614	12705282	14.98	14184.59	39.4	12829208	3000	100	0	0	12678699	528702316	2.8587	4.9652	4713827	3000	100	0.415	0.534	93888	0.9806	28500	12829208	/work/microbiome/msingle/sam/SRA/SRR9224014_1.fastq	/scratch/microbiome/woodcrob/non_sensitive/scratch/236_sylph_mixed_screen_c_full/db/g143614_v12705282.none.syl2db	0.11900000000000005
g143614_v12705282	reader	marine	1	143614	12705282	17.52	15215.6	84.13	12829208	3000	100	0	0	12678699	528702316	2.7882	5.3424	30720666	3000	100	0.8446	1.0435	158545	1.9276	7843	12829208	/mnt/hpccs01/datasets/deepocean/ngdc_2026060410/CRA025609/CRR1846935_r1.fq.gz	/scratch/microbiome/woodcrob/non_sensitive/scratch/236_sylph_mixed_screen_c_full/db/g143614_v12705282.none.syl2db	0.19890000000000008
g143614_v12705282	reader	marine	2	143614	12705282	20.69	15549.91	62.48	12829208	3000	100	0	0	12678699	528702316	2.8651	5.0545	30720666	3000	100	1.0513	1.3216	158545	3.5075	7843	12829208	/mnt/hpccs01/datasets/deepocean/ngdc_2026060410/CRA025609/CRR1846935_r1.fq.gz	/scratch/microbiome/woodcrob/non_sensitive/scratch/236_sylph_mixed_screen_c_full/db/g143614_v12705282.none.syl2db	0.2703000000000002
g143614_v12705282	reader	marine	3	143614	12705282	20.96	14531.86	76.78	12829208	3000	100	0	0	12678699	528702316	3.9961	6.6321	30720666	3000	100	1.1343	1.4034	158545	2.8105	7843	12829208	/mnt/hpccs01/datasets/deepocean/ngdc_2026060410/CRA025609/CRR1846935_r1.fq.gz	/scratch/microbiome/woodcrob/non_sensitive/scratch/236_sylph_mixed_screen_c_full/db/g143614_v12705282.none.syl2db	0.2690999999999999
g143614_v12705282	reader	simulated	1	143614	12705282	13.21	14105.22	29.11	12829208	3000	100	0	0	12678699	528702316	4.3473	6.9329	121401	3000	100	0.1148	0.1265	6258	0.1319	159	12829208	/scratch/microbiome/woodcrob/non_sensitive/scratch/236_sylph_mixed_screen_c_full/sim/reads_1.fq	/scratch/microbiome/woodcrob/non_sensitive/scratch/236_sylph_mixed_screen_c_full/db/g143614_v12705282.none.syl2db	0.011700000000000002
g143614_v12705282	reader	simulated	2	143614	12705282	9.08	14020.57	16.87	12829208	3000	100	0	0	12678699	528702316	2.5243	4.2707	121401	3000	100	0.0993	0.1069	6258	0.1254	159	12829208	/scratch/microbiome/woodcrob/non_sensitive/scratch/236_sylph_mixed_screen_c_full/sim/reads_1.fq	/scratch/microbiome/woodcrob/non_sensitive/scratch/236_sylph_mixed_screen_c_full/db/g143614_v12705282.none.syl2db	0.007599999999999996
g143614_v12705282	reader	simulated	3	143614	12705282	10.44	14116.91	32.17	12829208	3000	100	0	0	12678699	528702316	2.6563	5.238	121401	3000	100	0.1002	0.109	6258	0.1287	159	12829208	/scratch/microbiome/woodcrob/non_sensitive/scratch/236_sylph_mixed_screen_c_full/sim/reads_1.fq	/scratch/microbiome/woodcrob/non_sensitive/scratch/236_sylph_mixed_screen_c_full/db/g143614_v12705282.none.syl2db	0.008800000000000002
